<?xml version="1.0" encoding="UTF-8" standalone="yes"?>
<AppProfileExportImportJaxb xmlns="http://www.cliqr.com/xml/ns/appProfileExportImport">
    <AppProfileList>
        <appProfileInfo topLevelAppName="WordPress">
            <appProfileInfoPath location="1" extension="json"/>
            <appProfileInfoPath location="2" extension="json"/>
            <appProfileInfoPath location="3" extension="json"/>
            <appProfileInfoPath location="4" extension="json"/>
        </appProfileInfo>
    </AppProfileList>
    <ResourceList>
        <resource>
            <type>RemoteRepository</type>
            <RemoteRepository>
                <repositoryName>CliQrDemoRepo</repositoryName>
                <repositoryId>37</repositoryId>
                <appNameList>
                    <appName>WordPress</appName>
                    <appName>WordPress 2</appName>
                </appNameList>
            </RemoteRepository>
        </resource>
    </ResourceList>
</AppProfileExportImportJaxb>
