{"id":"10502","resource":null,"name":"CloudCenter","description":"Spins up one fresh AMI of the CCM, CCO and AMQP server with necessary ports open. No configuration is done AT ALL. You have to do all the configuration manually.","version":"1","importVersion":"4.7","revisionId":0,"sourceTemplateId":0,"sourceTemplateName":null,"sourceAppId":0,"parentVersion":"","executorBeanName":"NTierExecutor","owner":null,"hwProfile":null,"swProfile":null,"nodeInitSpec":null,"firewall":null,"migrationSpec":null,"upgradeSpec":null,"nodeReusable":true,"leafLevel":false,"interactiveApp":false,"defaultApp":false,"applicationType":"n-tier","templateType":"APPLICATION","policyId":0,"statusDefId":0,"tags":"","nodeCombination":null,"imageName":null,"internalImageName":null,"helpLink":null,"numNodes":0,"dynamicScalable":false,"serviceName":null,"topologyParamText":null,"templateDependencies":[],"appParamSpecs":[{"paramName":"cliqrWebappAccessLink","displayName":null,"helpText":null,"type":"string","valueList":null,"defaultValue":"","confirmValue":null,"pathSuffixValue":"","userVisible":true,"userEditable":true,"systemParam":true,"exampleValue":null,"dataUnit":null,"optional":false,"valueConstraint":null,"scope":null,"webserviceListParams":null,"collectionList":[]},{"paramName":"cliqrSSLCert","displayName":null,"helpText":null,"type":"path","valueList":null,"defaultValue":"","confirmValue":null,"pathSuffixValue":"","userVisible":true,"userEditable":true,"systemParam":true,"exampleValue":null,"dataUnit":null,"optional":false,"valueConstraint":null,"scope":null,"webserviceListParams":null,"collectionList":[]},{"paramName":"cliqrSSLKey","displayName":null,"helpText":null,"type":"path","valueList":null,"defaultValue":"","confirmValue":null,"pathSuffixValue":"","userVisible":true,"userEditable":true,"systemParam":true,"exampleValue":null,"dataUnit":null,"optional":false,"valueConstraint":null,"scope":null,"webserviceListParams":null,"collectionList":[]},{"paramName":"cliqrExternalHttpsEnabled","displayName":null,"helpText":null,"type":"string","valueList":null,"defaultValue":"1","confirmValue":null,"pathSuffixValue":"","userVisible":true,"userEditable":true,"systemParam":true,"exampleValue":null,"dataUnit":null,"optional":false,"valueConstraint":null,"scope":null,"webserviceListParams":null,"collectionList":[]},{"paramName":"cliqrExternalHttpEnabled","displayName":null,"helpText":null,"type":"string","valueList":null,"defaultValue":"0","confirmValue":null,"pathSuffixValue":"","userVisible":true,"userEditable":true,"systemParam":true,"exampleValue":null,"dataUnit":null,"optional":false,"valueConstraint":null,"scope":null,"webserviceListParams":null,"collectionList":[]},{"paramName":"cliqrExternalNoProtocolEnabled","displayName":null,"helpText":null,"type":"string","valueList":null,"defaultValue":"0","confirmValue":null,"pathSuffixValue":"","userVisible":true,"userEditable":true,"systemParam":true,"exampleValue":null,"dataUnit":null,"optional":false,"valueConstraint":null,"scope":null,"webserviceListParams":null,"collectionList":[]},{"paramName":"cliqrForceHttpRedirect","displayName":null,"helpText":null,"type":"string","valueList":null,"defaultValue":"0","confirmValue":null,"pathSuffixValue":"","userVisible":true,"userEditable":true,"systemParam":true,"exampleValue":null,"dataUnit":null,"optional":false,"valueConstraint":null,"scope":null,"webserviceListParams":null,"collectionList":[]},{"paramName":"useNonStandardPort","displayName":null,"helpText":null,"type":"string","valueList":null,"defaultValue":"0","confirmValue":null,"pathSuffixValue":"","userVisible":true,"userEditable":true,"systemParam":true,"exampleValue":null,"dataUnit":null,"optional":false,"valueConstraint":null,"scope":null,"webserviceListParams":null,"collectionList":[]},{"paramName":"cliqrNonStandardPort","displayName":null,"helpText":null,"type":"string","valueList":null,"defaultValue":"","confirmValue":null,"pathSuffixValue":"","userVisible":true,"userEditable":true,"systemParam":true,"exampleValue":null,"dataUnit":null,"optional":false,"valueConstraint":null,"scope":null,"webserviceListParams":null,"collectionList":[]},{"paramName":"microSegmentation","displayName":null,"helpText":null,"type":"string","valueList":null,"defaultValue":"0","confirmValue":null,"pathSuffixValue":"","userVisible":true,"userEditable":true,"systemParam":true,"exampleValue":null,"dataUnit":null,"optional":false,"valueConstraint":null,"scope":null,"webserviceListParams":null,"collectionList":[]},{"paramName":"appPackage","displayName":null,"helpText":null,"type":"path","valueList":null,"defaultValue":"","confirmValue":null,"pathSuffixValue":"","userVisible":true,"userEditable":true,"systemParam":true,"exampleValue":null,"dataUnit":null,"optional":false,"valueConstraint":null,"scope":null,"webserviceListParams":null,"collectionList":[]},{"paramName":"cliqrIgnoreAppFailure","displayName":"cliqrIgnoreAppFailure","helpText":"cliqrIgnoreAppFailure","type":"list","valueList":"true,false","defaultValue":"false","confirmValue":null,"pathSuffixValue":"","userVisible":true,"userEditable":true,"systemParam":false,"exampleValue":null,"dataUnit":null,"optional":false,"valueConstraint":{"minValue":0,"maxValue":0,"maxLength":0,"regex":null,"allowSpaces":true,"sizeValue":0,"step":0,"calloutWorkflowName":null},"scope":null,"webserviceListParams":null,"collectionList":[]},{"paramName":"gitTag","displayName":"gitTag","helpText":"gitTag","type":"string","valueList":null,"defaultValue":"cc-full-4.7.2.1","confirmValue":null,"pathSuffixValue":"","userVisible":true,"userEditable":true,"systemParam":false,"exampleValue":null,"dataUnit":null,"optional":true,"valueConstraint":{"minValue":0,"maxValue":0,"maxLength":255,"regex":null,"allowSpaces":true,"sizeValue":0,"step":0,"calloutWorkflowName":null},"scope":null,"webserviceListParams":null,"collectionList":[]},{"paramName":"dlUser","displayName":"Download Username","helpText":"Username for downloading CloudCenter installers.","type":"string","valueList":null,"defaultValue":"presales","confirmValue":null,"pathSuffixValue":"","userVisible":true,"userEditable":true,"systemParam":false,"exampleValue":null,"dataUnit":null,"optional":true,"valueConstraint":{"minValue":0,"maxValue":0,"maxLength":255,"regex":null,"allowSpaces":true,"sizeValue":0,"step":0,"calloutWorkflowName":null},"scope":null,"webserviceListParams":null,"collectionList":[]},{"paramName":"dlPass","displayName":"Download Password","helpText":"Password for downloading CloudCenter installers","type":"password_input","valueList":null,"defaultValue":"saeQnd3Uj4mlIALjCV1k8N4rK5vlbtTMRNpaNg7Q07g=","confirmValue":null,"pathSuffixValue":"","userVisible":true,"userEditable":true,"systemParam":false,"exampleValue":null,"dataUnit":null,"optional":true,"valueConstraint":{"minValue":0,"maxValue":0,"maxLength":0,"regex":null,"allowSpaces":true,"sizeValue":0,"step":0,"calloutWorkflowName":null},"scope":null,"webserviceListParams":null,"collectionList":[]},{"paramName":"baseUrl","displayName":"Base Download URL","helpText":"The base URL from which to download the files with no trailing slash. If hosting locally, make sure to download all the files here. Check logs in UI for download failures.","type":"string","valueList":null,"defaultValue":"http://download.cliqr.com/release-4.7.2.1-20170313.1","confirmValue":null,"pathSuffixValue":"","userVisible":true,"userEditable":true,"systemParam":false,"exampleValue":null,"dataUnit":null,"optional":false,"valueConstraint":{"minValue":0,"maxValue":0,"maxLength":255,"regex":null,"allowSpaces":true,"sizeValue":0,"step":0,"calloutWorkflowName":null},"scope":null,"webserviceListParams":null,"collectionList":[]},{"paramName":"gitUrl","displayName":"Git URL","helpText":"","type":"string","valueList":null,"defaultValue":"https://raw.githubusercontent.com/datacenter/cloudcenter-content","confirmValue":null,"pathSuffixValue":"","userVisible":true,"userEditable":true,"systemParam":false,"exampleValue":null,"dataUnit":null,"optional":false,"valueConstraint":{"minValue":0,"maxValue":0,"maxLength":255,"regex":null,"allowSpaces":true,"sizeValue":0,"step":0,"calloutWorkflowName":null},"scope":null,"webserviceListParams":null,"collectionList":[]},{"paramName":"ccoCloudType","displayName":"CCO Cloud Type","helpText":"The type of cloud for the initial CCO/AMQP pair. This is the cloud type you want to MANAGE, not necessarily the one you deploy to.","type":"list","valueList":"amazon,vmware,azure","defaultValue":"amazon","confirmValue":null,"pathSuffixValue":"","userVisible":true,"userEditable":true,"systemParam":false,"exampleValue":null,"dataUnit":null,"optional":false,"valueConstraint":{"minValue":0,"maxValue":0,"maxLength":0,"regex":null,"allowSpaces":true,"sizeValue":0,"step":0,"calloutWorkflowName":null},"scope":null,"webserviceListParams":null,"collectionList":[]},{"paramName":"OSSVC_HOME","displayName":"Service directory","helpText":null,"type":null,"valueList":null,"defaultValue":"/usr/local/osmosix/service","confirmValue":null,"pathSuffixValue":"","userVisible":false,"userEditable":false,"systemParam":true,"exampleValue":null,"dataUnit":null,"optional":false,"valueConstraint":null,"scope":null,"webserviceListParams":null,"collectionList":[]},{"paramName":"cliqrAppType","displayName":"Application Type","helpText":null,"type":null,"valueList":null,"defaultValue":"n-tier","confirmValue":null,"pathSuffixValue":"","userVisible":false,"userEditable":false,"systemParam":true,"exampleValue":null,"dataUnit":null,"optional":false,"valueConstraint":null,"scope":null,"webserviceListParams":null,"collectionList":[]},{"paramName":"cliqrUseCustomCert","displayName":"Use my own SSL Certificate","helpText":null,"type":null,"valueList":null,"defaultValue":"0","confirmValue":null,"pathSuffixValue":"","userVisible":false,"userEditable":false,"systemParam":true,"exampleValue":null,"dataUnit":null,"optional":false,"valueConstraint":null,"scope":null,"webserviceListParams":null,"collectionList":[]}],"envvarSpecs":[],"agentTasks":[],"childAppTemplates":[{"id":"10503","resource":null,"name":"amqp","description":null,"version":"1.0","importVersion":"4.7","revisionId":0,"sourceTemplateId":0,"sourceTemplateName":null,"sourceAppId":0,"parentVersion":null,"executorBeanName":"ChildTierAppExecutor","owner":null,"hwProfile":{"memorySize":4096,"numOfCPUs":1,"networkSpeed":null,"numOfNICs":1,"localStorageCount":0,"localStorageSize":0,"cudaSupport":false,"ssdSupport":false,"supportHardwareProvision":false},"swProfile":{"osName":"Linux","support32Bit":false,"support64Bit":true,"support32On64":false},"nodeInitSpec":{"depPkgs":"","initScript":"%gitUrl%/%gitTag%/apps/cloudcenter/amqp-node-init.sh","cleanupScript":"","licServer":null,"licPort":0,"sudoCmdList":"ALL"},"firewall":{"name":"cliqr-firewall-FB5A0B3485370EDAAF1E820B9CF6E854","description":"Cliqr user firewall","rules":[{"protocol":"tcp","fromPort":7789,"toPort":7789,"sourceIPRanges":["0.0.0.0/0"],"sourceGroups":[]},{"protocol":"tcp","fromPort":5671,"toPort":5671,"sourceIPRanges":["0.0.0.0/0"],"sourceGroups":[]},{"protocol":"tcp","fromPort":443,"toPort":443,"sourceIPRanges":["0.0.0.0/0"],"sourceGroups":[]},{"protocol":"tcp","fromPort":7788,"toPort":7788,"sourceIPRanges":["0.0.0.0/0"],"sourceGroups":[]},{"protocol":"tcp","fromPort":22,"toPort":22,"sourceIPRanges":["0.0.0.0/0"],"sourceGroups":[]}]},"migrationSpec":{"backupScript":"","restoreScript":"","backupLocation":"","preMigrateScript":"","postMigrateScript":""},"upgradeSpec":{"upgradeScript":"","rollbackScript":"","preUpgradeScript":"","postUpgradeScript":"","start":false,"stop":false},"nodeReusable":false,"leafLevel":true,"interactiveApp":false,"defaultApp":true,"applicationType":"defaultApp","templateType":"APPLICATION","policyId":0,"statusDefId":0,"tags":"","nodeCombination":null,"imageName":"CentOS 7.x","internalImageName":"CloudWorker-CentOS7.x","helpLink":null,"numNodes":0,"dynamicScalable":false,"serviceName":"CentOS","topologyParamText":"{\"x\":\"230\",\"y\":\"130\"}","templateDependencies":[],"appParamSpecs":[{"paramName":"cliqrOsServiceType","displayName":null,"helpText":null,"type":"string","valueList":null,"defaultValue":"CentOS","confirmValue":null,"pathSuffixValue":"","userVisible":false,"userEditable":false,"systemParam":true,"exampleValue":null,"dataUnit":null,"optional":false,"valueConstraint":null,"scope":null,"webserviceListParams":null,"collectionList":[]},{"paramName":"tierOrder","displayName":null,"helpText":null,"type":"integer","valueList":null,"defaultValue":"1","confirmValue":null,"pathSuffixValue":"","userVisible":false,"userEditable":false,"systemParam":true,"exampleValue":null,"dataUnit":null,"optional":false,"valueConstraint":null,"scope":null,"webserviceListParams":null,"collectionList":[]},{"paramName":"minClusterSize","displayName":"Minimum number of nodes","helpText":null,"type":"number","valueList":null,"defaultValue":"1","confirmValue":null,"pathSuffixValue":"","userVisible":true,"userEditable":true,"systemParam":true,"exampleValue":null,"dataUnit":null,"optional":false,"valueConstraint":{"minValue":1,"maxValue":1000,"maxLength":0,"regex":null,"allowSpaces":false,"sizeValue":0,"step":0,"calloutWorkflowName":null},"scope":null,"webserviceListParams":null,"collectionList":[]},{"paramName":"maxClusterSize","displayName":"Maximum number of nodes","helpText":null,"type":"number","valueList":null,"defaultValue":"1","confirmValue":null,"pathSuffixValue":"","userVisible":true,"userEditable":true,"systemParam":true,"exampleValue":null,"dataUnit":null,"optional":false,"valueConstraint":{"minValue":1,"maxValue":1000,"maxLength":0,"regex":null,"allowSpaces":false,"sizeValue":0,"step":0,"calloutWorkflowName":null},"scope":null,"webserviceListParams":null,"collectionList":[]},{"paramName":"cliqrNoOfVolumes","displayName":"Number of Volumes","helpText":"Number of persistent data storage volumes for OS Service.","type":"number","valueList":null,"defaultValue":"0","confirmValue":null,"pathSuffixValue":"","userVisible":true,"userEditable":true,"systemParam":true,"exampleValue":null,"dataUnit":null,"optional":true,"valueConstraint":{"minValue":0,"maxValue":65536,"maxLength":0,"regex":null,"allowSpaces":false,"sizeValue":5,"step":1,"calloutWorkflowName":null},"scope":null,"webserviceListParams":null,"collectionList":[]},{"paramName":"cliqrDBDataStorageSize","displayName":"Default Volume Size","helpText":"Persistent data storage for OS Service.","type":"number","valueList":null,"defaultValue":"0","confirmValue":null,"pathSuffixValue":"","userVisible":true,"userEditable":true,"systemParam":true,"exampleValue":null,"dataUnit":"GB","optional":true,"valueConstraint":{"minValue":0,"maxValue":65536,"maxLength":0,"regex":null,"allowSpaces":false,"sizeValue":5,"step":5,"calloutWorkflowName":null},"scope":null,"webserviceListParams":null,"collectionList":[]},{"paramName":"cliqrCentOSPreStartAction","displayName":null,"helpText":null,"type":"path","valueList":null,"defaultValue":"","confirmValue":null,"pathSuffixValue":"","userVisible":true,"userEditable":true,"systemParam":true,"exampleValue":null,"dataUnit":null,"optional":false,"valueConstraint":null,"scope":null,"webserviceListParams":null,"collectionList":[]},{"paramName":"cliqrCentOSPostStartAction","displayName":null,"helpText":null,"type":"path","valueList":null,"defaultValue":"","confirmValue":null,"pathSuffixValue":"","userVisible":true,"userEditable":true,"systemParam":true,"exampleValue":null,"dataUnit":null,"optional":false,"valueConstraint":null,"scope":null,"webserviceListParams":null,"collectionList":[]},{"paramName":"cliqrCentOSPreStopAction","displayName":null,"helpText":null,"type":"path","valueList":null,"defaultValue":"","confirmValue":null,"pathSuffixValue":"","userVisible":true,"userEditable":true,"systemParam":true,"exampleValue":null,"dataUnit":null,"optional":false,"valueConstraint":null,"scope":null,"webserviceListParams":null,"collectionList":[]},{"paramName":"cliqrCentOSPostStopAction","displayName":null,"helpText":null,"type":"path","valueList":null,"defaultValue":"","confirmValue":null,"pathSuffixValue":"","userVisible":true,"userEditable":true,"systemParam":true,"exampleValue":null,"dataUnit":null,"optional":false,"valueConstraint":null,"scope":null,"webserviceListParams":null,"collectionList":[]},{"paramName":"cliqrExternalPreStartAction","displayName":null,"helpText":null,"type":"path","valueList":null,"defaultValue":"","confirmValue":null,"pathSuffixValue":"","userVisible":true,"userEditable":true,"systemParam":true,"exampleValue":null,"dataUnit":null,"optional":false,"valueConstraint":null,"scope":null,"webserviceListParams":null,"collectionList":[]},{"paramName":"cliqrExternalPreInitAction","displayName":null,"helpText":null,"type":"path","valueList":null,"defaultValue":"","confirmValue":null,"pathSuffixValue":"","userVisible":true,"userEditable":true,"systemParam":true,"exampleValue":null,"dataUnit":null,"optional":false,"valueConstraint":null,"scope":null,"webserviceListParams":null,"collectionList":[]},{"paramName":"cliqrExternalPostStartAction","displayName":null,"helpText":null,"type":"path","valueList":null,"defaultValue":"","confirmValue":null,"pathSuffixValue":"","userVisible":true,"userEditable":true,"systemParam":true,"exampleValue":null,"dataUnit":null,"optional":false,"valueConstraint":null,"scope":null,"webserviceListParams":null,"collectionList":[]},{"paramName":"cliqrExternalPreStopAction","displayName":null,"helpText":null,"type":"path","valueList":null,"defaultValue":"","confirmValue":null,"pathSuffixValue":"","userVisible":true,"userEditable":true,"systemParam":true,"exampleValue":null,"dataUnit":null,"optional":false,"valueConstraint":null,"scope":null,"webserviceListParams":null,"collectionList":[]},{"paramName":"cliqrExternalPostStopAction","displayName":null,"helpText":null,"type":"path","valueList":null,"defaultValue":"","confirmValue":null,"pathSuffixValue":"","userVisible":true,"userEditable":true,"systemParam":true,"exampleValue":null,"dataUnit":null,"optional":false,"valueConstraint":null,"scope":null,"webserviceListParams":null,"collectionList":[]},{"paramName":"resumeScript","displayName":null,"helpText":null,"type":"path","valueList":null,"defaultValue":"","confirmValue":null,"pathSuffixValue":"","userVisible":true,"userEditable":true,"systemParam":true,"exampleValue":null,"dataUnit":null,"optional":false,"valueConstraint":null,"scope":null,"webserviceListParams":null,"collectionList":[]}],"envvarSpecs":[],"agentTasks":[],"childAppTemplates":[],"categories":[],"metadataTags":[],"systemTags":[]},{"id":"10504","resource":null,"name":"cco","description":null,"version":"1.0","importVersion":"4.7","revisionId":0,"sourceTemplateId":0,"sourceTemplateName":null,"sourceAppId":0,"parentVersion":null,"executorBeanName":"ChildTierAppExecutor","owner":null,"hwProfile":{"memorySize":4096,"numOfCPUs":1,"networkSpeed":null,"numOfNICs":1,"localStorageCount":0,"localStorageSize":0,"cudaSupport":false,"ssdSupport":false,"supportHardwareProvision":false},"swProfile":{"osName":"Linux","support32Bit":false,"support64Bit":true,"support32On64":false},"nodeInitSpec":{"depPkgs":"","initScript":"%gitUrl%/%gitTag%/apps/cloudcenter/cco-node-init.sh","cleanupScript":"","licServer":null,"licPort":0,"sudoCmdList":"ALL"},"firewall":{"name":"cliqr-firewall-3ECCFC7CE5035B8D56D9667F1A169C50","description":"Cliqr user firewall","rules":[{"protocol":"tcp","fromPort":8443,"toPort":8443,"sourceIPRanges":["0.0.0.0/0"],"sourceGroups":[]},{"protocol":"tcp","fromPort":22,"toPort":22,"sourceIPRanges":["0.0.0.0/0"],"sourceGroups":[]}]},"migrationSpec":{"backupScript":"","restoreScript":"","backupLocation":"","preMigrateScript":"","postMigrateScript":""},"upgradeSpec":{"upgradeScript":"","rollbackScript":"","preUpgradeScript":"","postUpgradeScript":"","start":false,"stop":false},"nodeReusable":false,"leafLevel":true,"interactiveApp":false,"defaultApp":true,"applicationType":"defaultApp","templateType":"APPLICATION","policyId":0,"statusDefId":0,"tags":"","nodeCombination":null,"imageName":"CentOS 7.x","internalImageName":"CloudWorker-CentOS7.x","helpLink":null,"numNodes":0,"dynamicScalable":false,"serviceName":"CentOS","topologyParamText":"{\"x\":\"20\",\"y\":\"130\"}","templateDependencies":[],"appParamSpecs":[{"paramName":"cliqrOsServiceType","displayName":null,"helpText":null,"type":"string","valueList":null,"defaultValue":"CentOS","confirmValue":null,"pathSuffixValue":"","userVisible":false,"userEditable":false,"systemParam":true,"exampleValue":null,"dataUnit":null,"optional":false,"valueConstraint":null,"scope":null,"webserviceListParams":null,"collectionList":[]},{"paramName":"tierOrder","displayName":null,"helpText":null,"type":"integer","valueList":null,"defaultValue":"1","confirmValue":null,"pathSuffixValue":"","userVisible":false,"userEditable":false,"systemParam":true,"exampleValue":null,"dataUnit":null,"optional":false,"valueConstraint":null,"scope":null,"webserviceListParams":null,"collectionList":[]},{"paramName":"minClusterSize","displayName":"Minimum number of nodes","helpText":null,"type":"number","valueList":null,"defaultValue":"1","confirmValue":null,"pathSuffixValue":"","userVisible":true,"userEditable":true,"systemParam":true,"exampleValue":null,"dataUnit":null,"optional":false,"valueConstraint":{"minValue":1,"maxValue":1000,"maxLength":0,"regex":null,"allowSpaces":false,"sizeValue":0,"step":0,"calloutWorkflowName":null},"scope":null,"webserviceListParams":null,"collectionList":[]},{"paramName":"maxClusterSize","displayName":"Maximum number of nodes","helpText":null,"type":"number","valueList":null,"defaultValue":"1","confirmValue":null,"pathSuffixValue":"","userVisible":true,"userEditable":true,"systemParam":true,"exampleValue":null,"dataUnit":null,"optional":false,"valueConstraint":{"minValue":1,"maxValue":1000,"maxLength":0,"regex":null,"allowSpaces":false,"sizeValue":0,"step":0,"calloutWorkflowName":null},"scope":null,"webserviceListParams":null,"collectionList":[]},{"paramName":"cliqrNoOfVolumes","displayName":"Number of Volumes","helpText":"Number of persistent data storage volumes for OS Service.","type":"number","valueList":null,"defaultValue":"0","confirmValue":null,"pathSuffixValue":"","userVisible":true,"userEditable":true,"systemParam":true,"exampleValue":null,"dataUnit":null,"optional":true,"valueConstraint":{"minValue":0,"maxValue":65536,"maxLength":0,"regex":null,"allowSpaces":false,"sizeValue":5,"step":1,"calloutWorkflowName":null},"scope":null,"webserviceListParams":null,"collectionList":[]},{"paramName":"cliqrDBDataStorageSize","displayName":"Default Volume Size","helpText":"Persistent data storage for OS Service.","type":"number","valueList":null,"defaultValue":"0","confirmValue":null,"pathSuffixValue":"","userVisible":true,"userEditable":true,"systemParam":true,"exampleValue":null,"dataUnit":"GB","optional":true,"valueConstraint":{"minValue":0,"maxValue":65536,"maxLength":0,"regex":null,"allowSpaces":false,"sizeValue":5,"step":5,"calloutWorkflowName":null},"scope":null,"webserviceListParams":null,"collectionList":[]},{"paramName":"cliqrCentOSPreStartAction","displayName":null,"helpText":null,"type":"path","valueList":null,"defaultValue":"","confirmValue":null,"pathSuffixValue":"","userVisible":true,"userEditable":true,"systemParam":true,"exampleValue":null,"dataUnit":null,"optional":false,"valueConstraint":null,"scope":null,"webserviceListParams":null,"collectionList":[]},{"paramName":"cliqrCentOSPostStartAction","displayName":null,"helpText":null,"type":"path","valueList":null,"defaultValue":"","confirmValue":null,"pathSuffixValue":"","userVisible":true,"userEditable":true,"systemParam":true,"exampleValue":null,"dataUnit":null,"optional":false,"valueConstraint":null,"scope":null,"webserviceListParams":null,"collectionList":[]},{"paramName":"cliqrCentOSPreStopAction","displayName":null,"helpText":null,"type":"path","valueList":null,"defaultValue":"","confirmValue":null,"pathSuffixValue":"","userVisible":true,"userEditable":true,"systemParam":true,"exampleValue":null,"dataUnit":null,"optional":false,"valueConstraint":null,"scope":null,"webserviceListParams":null,"collectionList":[]},{"paramName":"cliqrCentOSPostStopAction","displayName":null,"helpText":null,"type":"path","valueList":null,"defaultValue":"","confirmValue":null,"pathSuffixValue":"","userVisible":true,"userEditable":true,"systemParam":true,"exampleValue":null,"dataUnit":null,"optional":false,"valueConstraint":null,"scope":null,"webserviceListParams":null,"collectionList":[]},{"paramName":"cliqrExternalPreStartAction","displayName":null,"helpText":null,"type":"path","valueList":null,"defaultValue":"","confirmValue":null,"pathSuffixValue":"","userVisible":true,"userEditable":true,"systemParam":true,"exampleValue":null,"dataUnit":null,"optional":false,"valueConstraint":null,"scope":null,"webserviceListParams":null,"collectionList":[]},{"paramName":"cliqrExternalPreInitAction","displayName":null,"helpText":null,"type":"path","valueList":null,"defaultValue":"","confirmValue":null,"pathSuffixValue":"","userVisible":true,"userEditable":true,"systemParam":true,"exampleValue":null,"dataUnit":null,"optional":false,"valueConstraint":null,"scope":null,"webserviceListParams":null,"collectionList":[]},{"paramName":"cliqrExternalPostStartAction","displayName":null,"helpText":null,"type":"path","valueList":null,"defaultValue":"","confirmValue":null,"pathSuffixValue":"","userVisible":true,"userEditable":true,"systemParam":true,"exampleValue":null,"dataUnit":null,"optional":false,"valueConstraint":null,"scope":null,"webserviceListParams":null,"collectionList":[]},{"paramName":"cliqrExternalPreStopAction","displayName":null,"helpText":null,"type":"path","valueList":null,"defaultValue":"","confirmValue":null,"pathSuffixValue":"","userVisible":true,"userEditable":true,"systemParam":true,"exampleValue":null,"dataUnit":null,"optional":false,"valueConstraint":null,"scope":null,"webserviceListParams":null,"collectionList":[]},{"paramName":"cliqrExternalPostStopAction","displayName":null,"helpText":null,"type":"path","valueList":null,"defaultValue":"","confirmValue":null,"pathSuffixValue":"","userVisible":true,"userEditable":true,"systemParam":true,"exampleValue":null,"dataUnit":null,"optional":false,"valueConstraint":null,"scope":null,"webserviceListParams":null,"collectionList":[]},{"paramName":"resumeScript","displayName":null,"helpText":null,"type":"path","valueList":null,"defaultValue":"","confirmValue":null,"pathSuffixValue":"","userVisible":true,"userEditable":true,"systemParam":true,"exampleValue":null,"dataUnit":null,"optional":false,"valueConstraint":null,"scope":null,"webserviceListParams":null,"collectionList":[]}],"envvarSpecs":[],"agentTasks":[],"childAppTemplates":[],"categories":[],"metadataTags":[],"systemTags":[]},{"id":"10505","resource":null,"name":"ccm","description":null,"version":"1.0","importVersion":"4.7","revisionId":0,"sourceTemplateId":0,"sourceTemplateName":null,"sourceAppId":0,"parentVersion":null,"executorBeanName":"ChildTierAppExecutor","owner":null,"hwProfile":{"memorySize":4096,"numOfCPUs":1,"networkSpeed":null,"numOfNICs":1,"localStorageCount":0,"localStorageSize":0,"cudaSupport":false,"ssdSupport":false,"supportHardwareProvision":false},"swProfile":{"osName":"Linux","support32Bit":false,"support64Bit":true,"support32On64":false},"nodeInitSpec":{"depPkgs":"","initScript":"%gitUrl%/%gitTag%/apps/cloudcenter/ccm-node-init.sh","cleanupScript":"","licServer":null,"licPort":0,"sudoCmdList":"ALL"},"firewall":{"name":"cliqr-firewall-67CB339A31A4AAF79762B0DE59539555","description":"Cliqr user firewall","rules":[{"protocol":"tcp","fromPort":8443,"toPort":8443,"sourceIPRanges":["0.0.0.0/0"],"sourceGroups":[]},{"protocol":"tcp","fromPort":443,"toPort":443,"sourceIPRanges":["0.0.0.0/0"],"sourceGroups":[]},{"protocol":"tcp","fromPort":22,"toPort":22,"sourceIPRanges":["0.0.0.0/0"],"sourceGroups":[]}]},"migrationSpec":{"backupScript":"","restoreScript":"","backupLocation":"","preMigrateScript":"","postMigrateScript":""},"upgradeSpec":{"upgradeScript":"","rollbackScript":"","preUpgradeScript":"","postUpgradeScript":"","start":false,"stop":false},"nodeReusable":false,"leafLevel":true,"interactiveApp":false,"defaultApp":true,"applicationType":"defaultApp","templateType":"APPLICATION","policyId":0,"statusDefId":0,"tags":"","nodeCombination":null,"imageName":"CentOS 7.x","internalImageName":"CloudWorker-CentOS7.x","helpLink":null,"numNodes":0,"dynamicScalable":false,"serviceName":"CentOS","topologyParamText":"{\"x\":\"20\",\"y\":\"20\"}","templateDependencies":["amqp","monitor","cco"],"appParamSpecs":[{"paramName":"cliqrOsServiceType","displayName":null,"helpText":null,"type":"string","valueList":null,"defaultValue":"CentOS","confirmValue":null,"pathSuffixValue":"","userVisible":false,"userEditable":false,"systemParam":true,"exampleValue":null,"dataUnit":null,"optional":false,"valueConstraint":null,"scope":null,"webserviceListParams":null,"collectionList":[]},{"paramName":"tierOrder","displayName":null,"helpText":null,"type":"integer","valueList":null,"defaultValue":"1","confirmValue":null,"pathSuffixValue":"","userVisible":false,"userEditable":false,"systemParam":true,"exampleValue":null,"dataUnit":null,"optional":false,"valueConstraint":null,"scope":null,"webserviceListParams":null,"collectionList":[]},{"paramName":"minClusterSize","displayName":"Minimum number of nodes","helpText":null,"type":"number","valueList":null,"defaultValue":"1","confirmValue":null,"pathSuffixValue":"","userVisible":true,"userEditable":true,"systemParam":true,"exampleValue":null,"dataUnit":null,"optional":false,"valueConstraint":{"minValue":1,"maxValue":1000,"maxLength":0,"regex":null,"allowSpaces":false,"sizeValue":0,"step":0,"calloutWorkflowName":null},"scope":null,"webserviceListParams":null,"collectionList":[]},{"paramName":"maxClusterSize","displayName":"Maximum number of nodes","helpText":null,"type":"number","valueList":null,"defaultValue":"1","confirmValue":null,"pathSuffixValue":"","userVisible":true,"userEditable":true,"systemParam":true,"exampleValue":null,"dataUnit":null,"optional":false,"valueConstraint":{"minValue":1,"maxValue":1000,"maxLength":0,"regex":null,"allowSpaces":false,"sizeValue":0,"step":0,"calloutWorkflowName":null},"scope":null,"webserviceListParams":null,"collectionList":[]},{"paramName":"cliqrNoOfVolumes","displayName":"Number of Volumes","helpText":"Number of persistent data storage volumes for OS Service.","type":"number","valueList":null,"defaultValue":"0","confirmValue":null,"pathSuffixValue":"","userVisible":true,"userEditable":true,"systemParam":true,"exampleValue":null,"dataUnit":null,"optional":true,"valueConstraint":{"minValue":0,"maxValue":65536,"maxLength":0,"regex":null,"allowSpaces":false,"sizeValue":5,"step":1,"calloutWorkflowName":null},"scope":null,"webserviceListParams":null,"collectionList":[]},{"paramName":"cliqrDBDataStorageSize","displayName":"Default Volume Size","helpText":"Persistent data storage for OS Service.","type":"number","valueList":null,"defaultValue":"0","confirmValue":null,"pathSuffixValue":"","userVisible":true,"userEditable":true,"systemParam":true,"exampleValue":null,"dataUnit":"GB","optional":true,"valueConstraint":{"minValue":0,"maxValue":65536,"maxLength":0,"regex":null,"allowSpaces":false,"sizeValue":5,"step":5,"calloutWorkflowName":null},"scope":null,"webserviceListParams":null,"collectionList":[]},{"paramName":"cliqrCentOSPreStartAction","displayName":null,"helpText":null,"type":"path","valueList":null,"defaultValue":"","confirmValue":null,"pathSuffixValue":"","userVisible":true,"userEditable":true,"systemParam":true,"exampleValue":null,"dataUnit":null,"optional":false,"valueConstraint":null,"scope":null,"webserviceListParams":null,"collectionList":[]},{"paramName":"cliqrCentOSPostStartAction","displayName":null,"helpText":null,"type":"path","valueList":null,"defaultValue":"","confirmValue":null,"pathSuffixValue":"","userVisible":true,"userEditable":true,"systemParam":true,"exampleValue":null,"dataUnit":null,"optional":false,"valueConstraint":null,"scope":null,"webserviceListParams":null,"collectionList":[]},{"paramName":"cliqrCentOSPreStopAction","displayName":null,"helpText":null,"type":"path","valueList":null,"defaultValue":"","confirmValue":null,"pathSuffixValue":"","userVisible":true,"userEditable":true,"systemParam":true,"exampleValue":null,"dataUnit":null,"optional":false,"valueConstraint":null,"scope":null,"webserviceListParams":null,"collectionList":[]},{"paramName":"cliqrCentOSPostStopAction","displayName":null,"helpText":null,"type":"path","valueList":null,"defaultValue":"","confirmValue":null,"pathSuffixValue":"","userVisible":true,"userEditable":true,"systemParam":true,"exampleValue":null,"dataUnit":null,"optional":false,"valueConstraint":null,"scope":null,"webserviceListParams":null,"collectionList":[]},{"paramName":"cliqrExternalPreStartAction","displayName":null,"helpText":null,"type":"path","valueList":null,"defaultValue":"","confirmValue":null,"pathSuffixValue":"","userVisible":true,"userEditable":true,"systemParam":true,"exampleValue":null,"dataUnit":null,"optional":false,"valueConstraint":null,"scope":null,"webserviceListParams":null,"collectionList":[]},{"paramName":"cliqrExternalPreInitAction","displayName":null,"helpText":null,"type":"path","valueList":null,"defaultValue":"","confirmValue":null,"pathSuffixValue":"","userVisible":true,"userEditable":true,"systemParam":true,"exampleValue":null,"dataUnit":null,"optional":false,"valueConstraint":null,"scope":null,"webserviceListParams":null,"collectionList":[]},{"paramName":"cliqrExternalPostStartAction","displayName":null,"helpText":null,"type":"path","valueList":null,"defaultValue":"","confirmValue":null,"pathSuffixValue":"","userVisible":true,"userEditable":true,"systemParam":true,"exampleValue":null,"dataUnit":null,"optional":false,"valueConstraint":null,"scope":null,"webserviceListParams":null,"collectionList":[]},{"paramName":"cliqrExternalPreStopAction","displayName":null,"helpText":null,"type":"path","valueList":null,"defaultValue":"","confirmValue":null,"pathSuffixValue":"","userVisible":true,"userEditable":true,"systemParam":true,"exampleValue":null,"dataUnit":null,"optional":false,"valueConstraint":null,"scope":null,"webserviceListParams":null,"collectionList":[]},{"paramName":"cliqrExternalPostStopAction","displayName":null,"helpText":null,"type":"path","valueList":null,"defaultValue":"","confirmValue":null,"pathSuffixValue":"","userVisible":true,"userEditable":true,"systemParam":true,"exampleValue":null,"dataUnit":null,"optional":false,"valueConstraint":null,"scope":null,"webserviceListParams":null,"collectionList":[]},{"paramName":"resumeScript","displayName":null,"helpText":null,"type":"path","valueList":null,"defaultValue":"","confirmValue":null,"pathSuffixValue":"","userVisible":true,"userEditable":true,"systemParam":true,"exampleValue":null,"dataUnit":null,"optional":false,"valueConstraint":null,"scope":null,"webserviceListParams":null,"collectionList":[]},{"paramName":"topTier","displayName":"topTier","helpText":null,"type":"boolean","valueList":null,"defaultValue":"true","confirmValue":null,"pathSuffixValue":"","userVisible":false,"userEditable":false,"systemParam":true,"exampleValue":null,"dataUnit":null,"optional":false,"valueConstraint":null,"scope":null,"webserviceListParams":null,"collectionList":[]}],"envvarSpecs":[],"agentTasks":[],"childAppTemplates":[],"categories":[],"metadataTags":[],"systemTags":[]},{"id":"10596","resource":null,"name":"monitor","description":null,"version":"1.0","importVersion":"4.7","revisionId":0,"sourceTemplateId":0,"sourceTemplateName":null,"sourceAppId":0,"parentVersion":null,"executorBeanName":"ChildTierAppExecutor","owner":null,"hwProfile":{"memorySize":4096,"numOfCPUs":1,"networkSpeed":null,"numOfNICs":1,"localStorageCount":0,"localStorageSize":0,"cudaSupport":false,"ssdSupport":false,"supportHardwareProvision":false},"swProfile":{"osName":"Linux","support32Bit":false,"support64Bit":true,"support32On64":false},"nodeInitSpec":{"depPkgs":"","initScript":"%gitUrl%/%gitTag%/apps/cloudcenter/mon-node-init.sh","cleanupScript":"","licServer":null,"licPort":0,"sudoCmdList":"ALL"},"firewall":{"name":"cliqr-firewall-66F8675450FCBF6C33DB53410A38BC0E","description":"Cliqr user firewall","rules":[{"protocol":"tcp","fromPort":8882,"toPort":8882,"sourceIPRanges":["0.0.0.0/0"],"sourceGroups":[]},{"protocol":"tcp","fromPort":4560,"toPort":4560,"sourceIPRanges":["0.0.0.0/0"],"sourceGroups":[]},{"protocol":"tcp","fromPort":8881,"toPort":8881,"sourceIPRanges":["0.0.0.0/0"],"sourceGroups":[]},{"protocol":"tcp","fromPort":8443,"toPort":8443,"sourceIPRanges":["0.0.0.0/0"],"sourceGroups":[]}]},"migrationSpec":{"backupScript":"","restoreScript":"","backupLocation":"","preMigrateScript":"","postMigrateScript":""},"upgradeSpec":{"upgradeScript":"","rollbackScript":"","preUpgradeScript":"","postUpgradeScript":"","start":false,"stop":false},"nodeReusable":false,"leafLevel":true,"interactiveApp":false,"defaultApp":true,"applicationType":"defaultApp","templateType":"APPLICATION","policyId":0,"statusDefId":0,"tags":"","nodeCombination":null,"imageName":"CentOS 7.x","internalImageName":"CloudWorker-CentOS7.x","helpLink":null,"numNodes":0,"dynamicScalable":false,"serviceName":"CentOS","topologyParamText":"{\"x\":\"440\",\"y\":\"130\"}","templateDependencies":[],"appParamSpecs":[{"paramName":"cliqrOsServiceType","displayName":null,"helpText":null,"type":"string","valueList":null,"defaultValue":"CentOS","confirmValue":null,"pathSuffixValue":"","userVisible":false,"userEditable":false,"systemParam":true,"exampleValue":null,"dataUnit":null,"optional":false,"valueConstraint":null,"scope":null,"webserviceListParams":null,"collectionList":[]},{"paramName":"tierOrder","displayName":null,"helpText":null,"type":"integer","valueList":null,"defaultValue":"1","confirmValue":null,"pathSuffixValue":"","userVisible":false,"userEditable":false,"systemParam":true,"exampleValue":null,"dataUnit":null,"optional":false,"valueConstraint":null,"scope":null,"webserviceListParams":null,"collectionList":[]},{"paramName":"minClusterSize","displayName":"Minimum number of nodes","helpText":null,"type":"number","valueList":null,"defaultValue":"1","confirmValue":null,"pathSuffixValue":"","userVisible":true,"userEditable":true,"systemParam":true,"exampleValue":null,"dataUnit":null,"optional":false,"valueConstraint":{"minValue":1,"maxValue":1000,"maxLength":0,"regex":null,"allowSpaces":false,"sizeValue":0,"step":0,"calloutWorkflowName":null},"scope":null,"webserviceListParams":null,"collectionList":[]},{"paramName":"maxClusterSize","displayName":"Maximum number of nodes","helpText":null,"type":"number","valueList":null,"defaultValue":"1","confirmValue":null,"pathSuffixValue":"","userVisible":true,"userEditable":true,"systemParam":true,"exampleValue":null,"dataUnit":null,"optional":false,"valueConstraint":{"minValue":1,"maxValue":1000,"maxLength":0,"regex":null,"allowSpaces":false,"sizeValue":0,"step":0,"calloutWorkflowName":null},"scope":null,"webserviceListParams":null,"collectionList":[]},{"paramName":"cliqrNoOfVolumes","displayName":"Number of Volumes","helpText":"Number of persistent data storage volumes for OS Service.","type":"number","valueList":null,"defaultValue":"0","confirmValue":null,"pathSuffixValue":"","userVisible":true,"userEditable":true,"systemParam":true,"exampleValue":null,"dataUnit":null,"optional":true,"valueConstraint":{"minValue":0,"maxValue":65536,"maxLength":0,"regex":null,"allowSpaces":false,"sizeValue":5,"step":1,"calloutWorkflowName":null},"scope":null,"webserviceListParams":null,"collectionList":[]},{"paramName":"cliqrDBDataStorageSize","displayName":"Default Volume Size","helpText":"Persistent data storage for OS Service.","type":"number","valueList":null,"defaultValue":"0","confirmValue":null,"pathSuffixValue":"","userVisible":true,"userEditable":true,"systemParam":true,"exampleValue":null,"dataUnit":"GB","optional":true,"valueConstraint":{"minValue":0,"maxValue":65536,"maxLength":0,"regex":null,"allowSpaces":false,"sizeValue":5,"step":5,"calloutWorkflowName":null},"scope":null,"webserviceListParams":null,"collectionList":[]},{"paramName":"cliqrCentOSPreStartAction","displayName":null,"helpText":null,"type":"path","valueList":null,"defaultValue":"","confirmValue":null,"pathSuffixValue":"","userVisible":true,"userEditable":true,"systemParam":true,"exampleValue":null,"dataUnit":null,"optional":false,"valueConstraint":null,"scope":null,"webserviceListParams":null,"collectionList":[]},{"paramName":"cliqrCentOSPostStartAction","displayName":null,"helpText":null,"type":"path","valueList":null,"defaultValue":"","confirmValue":null,"pathSuffixValue":"","userVisible":true,"userEditable":true,"systemParam":true,"exampleValue":null,"dataUnit":null,"optional":false,"valueConstraint":null,"scope":null,"webserviceListParams":null,"collectionList":[]},{"paramName":"cliqrCentOSPreStopAction","displayName":null,"helpText":null,"type":"path","valueList":null,"defaultValue":"","confirmValue":null,"pathSuffixValue":"","userVisible":true,"userEditable":true,"systemParam":true,"exampleValue":null,"dataUnit":null,"optional":false,"valueConstraint":null,"scope":null,"webserviceListParams":null,"collectionList":[]},{"paramName":"cliqrCentOSPostStopAction","displayName":null,"helpText":null,"type":"path","valueList":null,"defaultValue":"","confirmValue":null,"pathSuffixValue":"","userVisible":true,"userEditable":true,"systemParam":true,"exampleValue":null,"dataUnit":null,"optional":false,"valueConstraint":null,"scope":null,"webserviceListParams":null,"collectionList":[]},{"paramName":"cliqrExternalPreStartAction","displayName":null,"helpText":null,"type":"path","valueList":null,"defaultValue":"","confirmValue":null,"pathSuffixValue":"","userVisible":true,"userEditable":true,"systemParam":true,"exampleValue":null,"dataUnit":null,"optional":false,"valueConstraint":null,"scope":null,"webserviceListParams":null,"collectionList":[]},{"paramName":"cliqrExternalPreInitAction","displayName":null,"helpText":null,"type":"path","valueList":null,"defaultValue":"","confirmValue":null,"pathSuffixValue":"","userVisible":true,"userEditable":true,"systemParam":true,"exampleValue":null,"dataUnit":null,"optional":false,"valueConstraint":null,"scope":null,"webserviceListParams":null,"collectionList":[]},{"paramName":"cliqrExternalPostStartAction","displayName":null,"helpText":null,"type":"path","valueList":null,"defaultValue":"","confirmValue":null,"pathSuffixValue":"","userVisible":true,"userEditable":true,"systemParam":true,"exampleValue":null,"dataUnit":null,"optional":false,"valueConstraint":null,"scope":null,"webserviceListParams":null,"collectionList":[]},{"paramName":"cliqrExternalPreStopAction","displayName":null,"helpText":null,"type":"path","valueList":null,"defaultValue":"","confirmValue":null,"pathSuffixValue":"","userVisible":true,"userEditable":true,"systemParam":true,"exampleValue":null,"dataUnit":null,"optional":false,"valueConstraint":null,"scope":null,"webserviceListParams":null,"collectionList":[]},{"paramName":"cliqrExternalPostStopAction","displayName":null,"helpText":null,"type":"path","valueList":null,"defaultValue":"","confirmValue":null,"pathSuffixValue":"","userVisible":true,"userEditable":true,"systemParam":true,"exampleValue":null,"dataUnit":null,"optional":false,"valueConstraint":null,"scope":null,"webserviceListParams":null,"collectionList":[]},{"paramName":"resumeScript","displayName":null,"helpText":null,"type":"path","valueList":null,"defaultValue":"","confirmValue":null,"pathSuffixValue":"","userVisible":true,"userEditable":true,"systemParam":true,"exampleValue":null,"dataUnit":null,"optional":false,"valueConstraint":null,"scope":null,"webserviceListParams":null,"collectionList":[]}],"envvarSpecs":[],"agentTasks":[],"childAppTemplates":[],"categories":[],"metadataTags":[],"systemTags":[]}],"categories":[],"metadataTags":[{"id":null,"resource":null,"namespace":null,"tagName":"Name","tagCollectionId":null,"value":"%USER_NAME%-%JOB_NAME%","required":false,"editable":false}],"systemTags":[]}