<?xml version="1.0" encoding="UTF-8" standalone="yes"?>
<AppProfileExportImportJaxb xmlns="http://www.cliqr.com/xml/ns/appProfileExportImport">
    <AppProfileList>
        <appProfileInfo topLevelAppName="CloudCenter">
            <appProfileInfoPath location="1" extension="json"/>
            <appProfileInfoPath location="2" extension="json"/>
            <appProfileInfoPath location="3" extension="json"/>
        </appProfileInfo>
    </AppProfileList>
    <ResourceList/>
</AppProfileExportImportJaxb>
