<?xml version="1.0" encoding="UTF-8" standalone="yes"?>
<AppProfileExportImportJaxb xmlns="http://www.cliqr.com/xml/ns/appProfileExportImport">
    <AppProfileList>
        <appProfileInfo topLevelAppName="Docker Datacenter">
            <appProfileInfoPath location="1.0" extension="json"/>
        </appProfileInfo>
    </AppProfileList>
    <ResourceList>
        <resource>
            <type>RemoteRepository</type>
            <RemoteRepository>
                <repositoryName>CliQr Demo Repo</repositoryName>
                <repositoryId>1</repositoryId>
                <appNameList>
                    <appName>Docker Datacenter</appName>
                </appNameList>
            </RemoteRepository>
        </resource>
    </ResourceList>
</AppProfileExportImportJaxb>
